Date;Valeur (en kWh);
21/04/2023;14,67;
22/04/2023;15,34;
23/04/2023;28,60;
24/04/2023;17,88;
25/04/2023;19,77;
26/04/2023;14,33;
27/04/2023;18,80;
28/04/2023;17,63;
29/04/2023;23,34;
30/04/2023;17,29;
01/05/2023;20,36;
02/05/2023;16,94;
03/05/2023;16,31;
04/05/2023;15,97;
05/05/2023;17,13;
06/05/2023;19,89;
07/05/2023;21,96;
08/05/2023;23,23;
09/05/2023;15,53;
10/05/2023;24,01;
11/05/2023;14,49;
12/05/2023;14,27;
13/05/2023;15,68;
14/05/2023;16,14;
15/05/2023;15,27;
16/05/2023;22,37;
17/05/2023;17,21;
18/05/2023;15,94;
19/05/2023;13,81;
20/05/2023;16,72;
21/05/2023;16,03;
22/05/2023;16,70;
23/05/2023;14,28;
24/05/2023;18,91;
25/05/2023;17,66;
26/05/2023;13,20;
27/05/2023;13,69;
28/05/2023;11,14;
29/05/2023;17,43;
30/05/2023;14,16;
31/05/2023;16,64;
01/06/2023;19,19;
02/06/2023;19,47;
03/06/2023;14,82;
04/06/2023;27,48;
05/06/2023;12,07;
06/06/2023;15,06;
07/06/2023;17,09;
08/06/2023;15,77;
09/06/2023;20,85;
10/06/2023;17,75;
11/06/2023;25,04;
12/06/2023;15,48;
13/06/2023;21,28;
14/06/2023;22,02;
15/06/2023;17,53;
16/06/2023;25,03;
17/06/2023;34,23;
18/06/2023;31,90;
19/06/2023;30,18;
20/06/2023;28,10;
21/06/2023;36,54;
22/06/2023;25,92;
23/06/2023;26,70;
24/06/2023;22,94;
25/06/2023;24,87;
26/06/2023;19,97;
27/06/2023;17,94;
28/06/2023;21,49;
29/06/2023;25,43;
30/06/2023;30,24;
01/07/2023;26,01;
02/07/2023;22,04;
03/07/2023;25,63;
04/07/2023;29,62;
05/07/2023;22,70;
06/07/2023;21,92;
07/07/2023;18,72;
08/07/2023;22,17;
09/07/2023;36,15;
10/07/2023;32,38;
11/07/2023;26,77;
12/07/2023;25,18;
13/07/2023;13,02;
14/07/2023;19,92;
15/07/2023;24,23;
16/07/2023;23,09;
17/07/2023;15,73;
18/07/2023;20,19;
19/07/2023;23,63;
20/07/2023;25,87;
21/07/2023;24,05;
22/07/2023;21,85;
23/07/2023;22,64;
24/07/2023;24,19;
25/07/2023;29,01;
26/07/2023;23,81;
27/07/2023;27,37;
28/07/2023;31,45;
29/07/2023;27,41;
30/07/2023;26,56;
31/07/2023;23,14;
01/08/2023;24,79;
02/08/2023;27,84;
03/08/2023;26,21;
04/08/2023;26,95;
05/08/2023;26,70;
06/08/2023;26,72;
07/08/2023;27,71;
08/08/2023;29,01;
09/08/2023;26,77;
10/08/2023;25,15;
11/08/2023;25,04;
12/08/2023;31,93;
13/08/2023;39,18;
14/08/2023;17,49;
15/08/2023;17,65;
16/08/2023;18,04;
17/08/2023;23,01;
18/08/2023;18,16;
19/08/2023;15,39;
20/08/2023;19,53;
21/08/2023;22,35;
22/08/2023;29,97;
23/08/2023;29,12;
24/08/2023;28,11;
25/08/2023;26,60;
26/08/2023;32,95;
27/08/2023;27,44;
28/08/2023;24,37;
29/08/2023;27,41;
30/08/2023;26,61;
31/08/2023;25,81;
01/09/2023;24,64;
02/09/2023;27,26;
03/09/2023;33,16;
04/09/2023;28,20;
05/09/2023;27,97;
06/09/2023;25,90;
07/09/2023;28,43;
08/09/2023;25,87;
09/09/2023;27,01;
10/09/2023;32,47;
11/09/2023;29,49;
12/09/2023;28,13;
13/09/2023;25,69;
14/09/2023;29,83;
15/09/2023;24,96;
16/09/2023;22,93;
17/09/2023;30,79;
18/09/2023;37,75;
19/09/2023;28,40;
20/09/2023;24,77;
21/09/2023;26,87;
22/09/2023;25,47;
23/09/2023;19,02;
24/09/2023;34,93;
25/09/2023;26,85;
26/09/2023;25,04;
27/09/2023;20,37;
28/09/2023;22,07;
29/09/2023;22,90;
30/09/2023;33,89;
01/10/2023;27,71;
02/10/2023;23,79;
03/10/2023;24,42;
04/10/2023;23,14;
05/10/2023;23,25;
06/10/2023;20,45;
07/10/2023;28,22;
08/10/2023;31,18;
09/10/2023;24,49;
10/10/2023;23,76;
11/10/2023;23,85;
12/10/2023;23,91;
13/10/2023;23,39;
14/10/2023;33,09;
15/10/2023;32,25;
16/10/2023;25,30;
17/10/2023;25,87;
18/10/2023;21,97;
19/10/2023;27,08;
20/10/2023;26,96;
21/10/2023;28,82;
22/10/2023;39,24;
23/10/2023;21,07;
24/10/2023;22,42;
25/10/2023;32,52;
26/10/2023;24,51;
27/10/2023;21,57;
28/10/2023;22,88;
29/10/2023;27,16;
30/10/2023;29,31;
31/10/2023;22,58;
01/11/2023;25,84;
02/11/2023;24,58;
03/11/2023;25,29;
04/11/2023;22,29;
05/11/2023;25,62;
06/11/2023;30,74;
07/11/2023;23,88;
08/11/2023;23,47;
09/11/2023;24,38;
10/11/2023;20,90;
11/11/2023;25,67;
12/11/2023;22,39;
13/11/2023;16,89;
14/11/2023;16,88;
15/11/2023;14,10;
16/11/2023;16,19;
17/11/2023;16,25;
18/11/2023;21,70;
19/11/2023;19,47;
20/11/2023;18,73;
21/11/2023;25,29;
22/11/2023;20,13;
23/11/2023;20,37;
24/11/2023;20,53;
25/11/2023;25,26;
26/11/2023;32,83;
27/11/2023;21,94;
28/11/2023;23,76;
29/11/2023;17,27;
30/11/2023;22,01;
01/12/2023;21,44;
02/12/2023;25,92;
03/12/2023;18,87;
04/12/2023;21,18;
05/12/2023;24,04;
06/12/2023;23,83;
07/12/2023;23,56;
08/12/2023;23,15;
09/12/2023;30,96;
10/12/2023;25,70;
11/12/2023;21,85;
12/12/2023;21,40;
13/12/2023;21,59;
14/12/2023;24,34;
15/12/2023;19,54;
16/12/2023;19,62;
17/12/2023;21,22;
18/12/2023;22,50;
19/12/2023;19,23;
20/12/2023;22,25;
21/12/2023;26,11;
22/12/2023;23,69;
23/12/2023;29,79;
24/12/2023;21,63;
25/12/2023;22,20;
26/12/2023;26,62;
27/12/2023;19,80;
28/12/2023;21,27;
29/12/2023;29,20;
30/12/2023;27,94;
31/12/2023;21,44;
01/01/2024;33,70;
02/01/2024;25,48;
03/01/2024;21,47;
04/01/2024;23,45;
05/01/2024;25,30;
06/01/2024;24,69;
07/01/2024;28,49;
08/01/2024;16,81;
09/01/2024;14,86;
10/01/2024;15,30;
11/01/2024;16,37;
12/01/2024;16,46;
13/01/2024;21,44;
14/01/2024;28,27;
15/01/2024;22,00;
16/01/2024;20,84;
17/01/2024;29,08;
18/01/2024;21,87;
19/01/2024;21,85;
20/01/2024;19,75;
21/01/2024;32,10;
22/01/2024;20,12;
23/01/2024;21,29;
24/01/2024;19,17;
25/01/2024;24,49;
26/01/2024;19,32;
27/01/2024;36,04;
28/01/2024;19,60;
29/01/2024;23,78;
30/01/2024;22,17;
31/01/2024;18,34;
01/02/2024;28,56;
02/02/2024;21,23;
03/02/2024;26,48;
04/02/2024;21,56;
05/02/2024;21,80;
06/02/2024;23,23;
07/02/2024;22,40;
08/02/2024;20,86;
09/02/2024;23,78;
10/02/2024;32,07;
11/02/2024;22,61;
12/02/2024;21,54;
13/02/2024;20,58;
14/02/2024;27,39;
15/02/2024;22,92;
16/02/2024;19,41;
17/02/2024;22,56;
18/02/2024;27,00;
19/02/2024;18,67;
20/02/2024;21,02;
21/02/2024;19,51;
22/02/2024;21,49;
23/02/2024;20,71;
24/02/2024;34,40;
25/02/2024;32,27;
26/02/2024;31,65;
27/02/2024;20,95;
28/02/2024;35,33;
29/02/2024;23,37;
01/03/2024;26,80;
02/03/2024;23,12;
03/03/2024;24,85;
04/03/2024;23,56;
05/03/2024;25,98;
06/03/2024;17,30;
07/03/2024;22,34;
08/03/2024;27,50;
09/03/2024;22,33;
10/03/2024;25,86;
11/03/2024;19,32;
12/03/2024;21,06;
13/03/2024;20,04;
14/03/2024;21,38;
15/03/2024;20,40;
16/03/2024;25,43;
17/03/2024;26,67;
18/03/2024;24,01;
19/03/2024;22,39;
20/03/2024;21,06;
21/03/2024;24,44;
22/03/2024;19,21;
23/03/2024;21,65;
24/03/2024;27,66;
25/03/2024;21,08;
26/03/2024;21,25;
27/03/2024;20,19;
28/03/2024;19,76;
29/03/2024;28,63;
30/03/2024;23,74;
31/03/2024;22,68;
01/04/2024;24,77;
02/04/2024;19,27;
03/04/2024;19,52;
04/04/2024;21,43;
05/04/2024;20,24;
06/04/2024;31,11;
07/04/2024;26,66;
08/04/2024;24,13;
09/04/2024;20,84;
10/04/2024;21,02;
11/04/2024;20,69;
12/04/2024;24,41;
13/04/2024;23,47;
14/04/2024;25,61;
15/04/2024;22,18;
16/04/2024;26,99;
17/04/2024;25,84;
18/04/2024;26,45;
19/04/2024;29,47;
20/04/2024;27,06;
21/04/2024;24,24;
22/04/2024;27,11;
23/04/2024;23,38;
24/04/2024;23,17;
25/04/2024;22,27;
26/04/2024;21,93;
27/04/2024;24,29;
28/04/2024;30,41;
29/04/2024;28,66;
30/04/2024;27,00;
01/05/2024;27,94;
02/05/2024;27,15;
03/05/2024;29,45;
04/05/2024;25,31;
05/05/2024;25,03;
06/05/2024;22,17;
07/05/2024;21,11;
08/05/2024;22,82;
09/05/2024;25,55;
10/05/2024;30,47;
11/05/2024;30,28;
12/05/2024;27,04;
13/05/2024;23,88;
14/05/2024;25,59;
15/05/2024;25,21;
16/05/2024;25,19;
17/05/2024;22,40;
18/05/2024;24,93;
19/05/2024;27,44;
20/05/2024;27,16;
21/05/2024;23,62;
22/05/2024;23,75;
23/05/2024;23,47;
24/05/2024;20,75;
25/05/2024;25,03;
26/05/2024;30,64;
27/05/2024;23,39;
28/05/2024;22,84;
29/05/2024;20,62;
30/05/2024;23,37;
31/05/2024;11,98;
01/06/2024;12,74;
02/06/2024;25,10;
03/06/2024;24,57;
04/06/2024;21,21;
05/06/2024;22,12;
06/06/2024;23,31;
07/06/2024;22,55;
08/06/2024;25,42;
09/06/2024;32,40;
10/06/2024;24,50;
11/06/2024;23,97;
12/06/2024;24,37;
13/06/2024;22,27;
14/06/2024;28,65;
15/06/2024;22,82;
16/06/2024;30,00;
17/06/2024;26,62;
18/06/2024;25,01;
19/06/2024;24,36;
20/06/2024;24,47;
21/06/2024;23,40;
22/06/2024;25,35;
23/06/2024;26,07;
24/06/2024;26,41;
25/06/2024;23,46;
26/06/2024;22,78;
27/06/2024;22,73;
28/06/2024;23,65;
29/06/2024;22,23;
30/06/2024;25,04;
01/07/2024;22,99;
02/07/2024;29,16;
03/07/2024;24,46;
04/07/2024;21,15;
05/07/2024;20,84;
06/07/2024;19,77;
07/07/2024;20,59;
08/07/2024;25,91;
09/07/2024;22,13;
10/07/2024;30,33;
11/07/2024;22,30;
12/07/2024;26,46;
13/07/2024;27,38;
14/07/2024;25,61;
15/07/2024;23,20;
16/07/2024;22,36;
17/07/2024;21,81;
18/07/2024;23,26;
19/07/2024;22,65;
20/07/2024;23,72;
21/07/2024;23,74;
22/07/2024;23,53;
23/07/2024;22,96;
24/07/2024;26,63;
25/07/2024;22,33;
26/07/2024;21,47;
27/07/2024;21,15;
28/07/2024;22,15;
29/07/2024;20,27;
30/07/2024;24,02;
31/07/2024;22,70;
01/08/2024;22,56;
02/08/2024;27,78;
03/08/2024;26,08;
04/08/2024;32,92;
05/08/2024;28,84;
06/08/2024;28,38;
07/08/2024;27,66;
08/08/2024;24,21;
09/08/2024;28,55;
10/08/2024;35,17;
11/08/2024;31,78;
12/08/2024;38,98;
13/08/2024;36,35;
14/08/2024;29,58;
15/08/2024;29,82;
16/08/2024;34,04;
17/08/2024;26,11;
18/08/2024;36,19;
19/08/2024;27,23;
20/08/2024;27,03;
21/08/2024;28,38;
22/08/2024;30,36;
23/08/2024;27,73;
24/08/2024;26,65;
25/08/2024;26,86;
26/08/2024;37,96;
27/08/2024;28,76;
28/08/2024;30,68;
29/08/2024;28,61;
30/08/2024;25,37;
31/08/2024;38,11;
01/09/2024;28,82;
02/09/2024;30,41;
03/09/2024;26,45;
04/09/2024;24,72;
05/09/2024;25,34;
06/09/2024;28,35;
07/09/2024;26,63;
08/09/2024;39,16;
09/09/2024;26,42;
10/09/2024;27,82;
11/09/2024;24,79;
12/09/2024;24,79;
13/09/2024;25,02;
14/09/2024;32,89;
15/09/2024;36,32;
16/09/2024;22,96;
17/09/2024;22,98;
18/09/2024;23,90;
19/09/2024;25,75;
20/09/2024;23,47;
21/09/2024;22,20;
22/09/2024;28,99;
23/09/2024;23,17;
24/09/2024;24,20;
25/09/2024;24,39;
26/09/2024;23,24;
27/09/2024;23,40;
28/09/2024;30,62;
29/09/2024;33,61;
30/09/2024;24,38;
01/10/2024;25,12;
02/10/2024;22,79;
03/10/2024;23,55;
04/10/2024;30,38;
05/10/2024;21,29;
06/10/2024;22,89;
07/10/2024;28,51;
08/10/2024;24,51;
09/10/2024;25,00;
10/10/2024;33,24;
11/10/2024;21,58;
12/10/2024;24,95;
13/10/2024;29,47;
14/10/2024;18,15;
15/10/2024;16,42;
16/10/2024;14,09;
17/10/2024;16,65;
18/10/2024;17,24;
19/10/2024;15,79;
20/10/2024;31,86;
21/10/2024;26,50;
22/10/2024;20,55;
23/10/2024;20,17;
24/10/2024;20,02;
25/10/2024;20,44;
26/10/2024;31,48;
27/10/2024;25,26;
28/10/2024;19,96;
29/10/2024;23,73;
30/10/2024;22,49;
31/10/2024;22,97;
01/11/2024;26,32;
02/11/2024;24,27;
03/11/2024;30,65;
04/11/2024;21,46;
05/11/2024;20,53;
06/11/2024;19,73;
07/11/2024;22,38;
08/11/2024;20,67;
09/11/2024;34,66;
10/11/2024;25,31;
11/11/2024;34,43;
12/11/2024;21,72;
13/11/2024;19,92;
14/11/2024;18,90;
15/11/2024;18,57;
16/11/2024;28,13;
17/11/2024;17,71;
18/11/2024;19,45;
19/11/2024;19,27;
20/11/2024;21,06;
21/11/2024;28,79;
22/11/2024;22,36;
23/11/2024;24,16;
24/11/2024;19,22;
25/11/2024;21,03;
26/11/2024;19,47;
27/11/2024;17,34;
28/11/2024;24,74;
29/11/2024;18,29;
30/11/2024;15,21;
01/12/2024;18,59;
02/12/2024;16,22;
03/12/2024;22,04;
04/12/2024;14,47;
05/12/2024;17,14;
06/12/2024;21,37;
07/12/2024;19,18;
08/12/2024;18,99;
09/12/2024;18,38;
10/12/2024;15,82;
11/12/2024;18,17;
12/12/2024;16,11;
13/12/2024;26,48;
14/12/2024;17,11;
15/12/2024;19,47;
16/12/2024;23,40;
17/12/2024;16,50;
18/12/2024;15,43;
19/12/2024;18,07;
20/12/2024;20,02;
21/12/2024;22,48;
22/12/2024;16,56;
23/12/2024;17,96;
24/12/2024;22,06;
25/12/2024;23,88;
26/12/2024;14,20;
27/12/2024;12,34;
28/12/2024;12,66;
29/12/2024;19,73;
30/12/2024;19,32;
31/12/2024;26,28;
01/01/2025;29,57;
02/01/2025;21,50;
03/01/2025;20,61;
04/01/2025;16,60;
05/01/2025;21,29;
06/01/2025;16,22;
07/01/2025;13,97;
08/01/2025;14,86;
09/01/2025;20,41;
10/01/2025;17,58;
11/01/2025;24,03;
12/01/2025;21,59;
13/01/2025;15,05;
14/01/2025;14,08;
15/01/2025;14,18;
16/01/2025;21,39;
17/01/2025;14,74;
18/01/2025;33,99;
19/01/2025;30,71;
20/01/2025;17,90;
21/01/2025;16,78;
22/01/2025;14,12;
23/01/2025;16,39;
24/01/2025;15,89;
25/01/2025;22,14;
26/01/2025;30,06;
27/01/2025;19,46;
28/01/2025;14,17;
29/01/2025;13,65;
30/01/2025;14,21;
31/01/2025;14,29;
01/02/2025;27,72;
02/02/2025;28,73;
03/02/2025;19,95;
04/02/2025;14,16;
05/02/2025;15,41;
06/02/2025;17,02;
07/02/2025;15,35;
08/02/2025;23,11;
09/02/2025;29,68;
10/02/2025;20,93;
11/02/2025;18,23;
12/02/2025;17,35;
13/02/2025;17,71;
14/02/2025;21,64;
15/02/2025;24,38;
16/02/2025;18,59;
17/02/2025;16,55;
18/02/2025;21,26;
19/02/2025;22,62;
20/02/2025;14,72;
21/02/2025;16,96;
22/02/2025;33,00;
23/02/2025;28,15;
24/02/2025;15,53;
25/02/2025;16,57;
26/02/2025;14,67;
27/02/2025;16,40;
28/02/2025;14,74;
01/03/2025;21,98;
02/03/2025;20,73;
03/03/2025;18,75;
04/03/2025;17,52;
05/03/2025;15,06;
06/03/2025;13,94;
07/03/2025;14,38;
08/03/2025;15,35;
09/03/2025;18,71;
10/03/2025;19,11;
11/03/2025;17,35;
12/03/2025;14,47;
13/03/2025;17,29;
14/03/2025;14,87;
15/03/2025;20,61;
16/03/2025;23,71;
17/03/2025;21,47;
18/03/2025;14,52;
19/03/2025;16,35;
20/03/2025;16,22;
21/03/2025;15,57;
22/03/2025;20,11;
23/03/2025;22,14;
24/03/2025;18,36;
25/03/2025;18,20;
26/03/2025;19,20;
27/03/2025;18,84;
28/03/2025;18,77;
29/03/2025;23,30;
30/03/2025;18,10;
31/03/2025;15,00;
01/04/2025;15,13;
02/04/2025;17,31;
03/04/2025;16,35;
04/04/2025;14,47;
05/04/2025;14,96;
06/04/2025;20,24;
07/04/2025;18,57;
08/04/2025;23,16;
09/04/2025;19,65;
10/04/2025;14,90;
11/04/2025;17,02;
12/04/2025;18,39;
13/04/2025;11,96;
14/04/2025;12,30;
15/04/2025;11,56;
16/04/2025;13,54;
17/04/2025;21,53;
18/04/2025;35,09;
19/04/2025;18,69;
20/04/2025;19,61;
21/04/2025;19,08;
22/04/2025;16,98;
23/04/2025;14,48;
24/04/2025;17,64;
25/04/2025;16,37;
26/04/2025;26,83;
27/04/2025;19,58;
28/04/2025;14,81;
29/04/2025;15,18;
30/04/2025;14,65;
01/05/2025;21,98;
02/05/2025;18,58;
03/05/2025;21,19;
04/05/2025;24,01;
05/05/2025;17,09;
06/05/2025;15,51;
07/05/2025;12,88;
08/05/2025;20,82;
09/05/2025;13,55;
10/05/2025;22,37;
11/05/2025;18,18;
12/05/2025;16,37;
13/05/2025;13,94;
14/05/2025;15,42;
15/05/2025;16,42;
16/05/2025;13,92;
17/05/2025;18,76;
18/05/2025;25,81;
19/05/2025;15,55;
20/05/2025;16,71;
21/05/2025;15,18;
22/05/2025;15,05;
23/05/2025;14,61;
24/05/2025;13,09;
25/05/2025;18,35;
26/05/2025;18,45;
27/05/2025;12,98;
28/05/2025;16,63;
29/05/2025;18,52;
30/05/2025;14,50;
31/05/2025;24,85;
01/06/2025;25,12;
02/06/2025;24,06;
03/06/2025;20,84;
04/06/2025;19,10;
05/06/2025;17,21;
06/06/2025;19,73;
07/06/2025;27,28;
08/06/2025;20,46;
09/06/2025;28,30;
10/06/2025;15,40;
11/06/2025;15,92;
12/06/2025;20,51;
13/06/2025;18,36;
14/06/2025;26,06;
15/06/2025;24,11;
16/06/2025;15,09;
17/06/2025;15,96;
18/06/2025;14,46;
19/06/2025;19,51;
20/06/2025;19,39;
21/06/2025;17,54;
22/06/2025;21,19;
23/06/2025;17,84;
24/06/2025;16,15;
25/06/2025;15,59;
26/06/2025;19,39;
27/06/2025;16,69;
28/06/2025;20,68;
29/06/2025;29,04;
30/06/2025;22,83;
01/07/2025;20,59;
02/07/2025;22,12;
03/07/2025;21,22;
04/07/2025;21,00;
05/07/2025;24,71;
06/07/2025;20,96;
07/07/2025;19,46;
08/07/2025;18,39;
09/07/2025;21,41;
10/07/2025;19,28;
11/07/2025;24,01;
12/07/2025;17,52;
13/07/2025;24,88;
14/07/2025;23,54;
15/07/2025;29,02;
16/07/2025;18,95;
17/07/2025;21,83;
18/07/2025;23,28;
19/07/2025;19,81;
20/07/2025;24,22;
21/07/2025;17,36;
22/07/2025;15,55;
23/07/2025;24,73;
24/07/2025;19,33;
25/07/2025;17,45;
26/07/2025;15,80;
27/07/2025;17,40;
28/07/2025;21,48;
29/07/2025;15,73;
30/07/2025;17,65;
31/07/2025;24,18;
01/08/2025;19,39;
02/08/2025;19,22;
03/08/2025;20,65;
04/08/2025;18,72;
05/08/2025;17,57;
06/08/2025;17,62;
07/08/2025;17,80;
08/08/2025;16,91;
09/08/2025;31,34;
10/08/2025;15,21;
11/08/2025;14,99;
12/08/2025;13,57;
13/08/2025;15,62;
14/08/2025;14,77;
15/08/2025;15,48;
16/08/2025;15,58;
17/08/2025;14,52;
18/08/2025;21,11;
19/08/2025;15,08;
20/08/2025;15,04;
21/08/2025;16,33;
22/08/2025;15,66;
23/08/2025;14,81;
24/08/2025;12,61;
25/08/2025;12,33;
26/08/2025;12,82;
27/08/2025;13,59;
28/08/2025;22,82;
29/08/2025;16,55;
30/08/2025;18,67;
31/08/2025;15,80;
01/09/2025;16,95;
02/09/2025;17,99;
03/09/2025;19,89;
04/09/2025;15,86;
05/09/2025;15,30;
06/09/2025;18,18;
07/09/2025;25,67;
08/09/2025;25,20;
09/09/2025;19,19;
10/09/2025;16,96;
11/09/2025;16,81;
12/09/2025;17,46;
13/09/2025;21,19;
14/09/2025;29,73;
15/09/2025;18,34;
16/09/2025;20,84;
17/09/2025;17,25;
18/09/2025;16,35;
19/09/2025;16,83;
20/09/2025;18,49;
21/09/2025;18,07;
22/09/2025;18,62;
23/09/2025;19,46;
24/09/2025;21,44;
25/09/2025;16,72;
26/09/2025;14,51;
27/09/2025;20,54;
28/09/2025;30,25;
29/09/2025;17,56;
30/09/2025;15,38;
01/10/2025;21,09;
02/10/2025;20,06;
03/10/2025;19,99;
04/10/2025;29,99;
05/10/2025;15,99;
06/10/2025;16,72;
07/10/2025;14,81;
08/10/2025;23,15;
09/10/2025;16,80;
10/10/2025;15,05;
11/10/2025;21,72;
12/10/2025;15,84;
13/10/2025;14,37;
14/10/2025;14,76;
15/10/2025;14,58;
16/10/2025;22,65;
17/10/2025;17,58;
18/10/2025;16,81;
19/10/2025;18,63;
20/10/2025;15,39;
21/10/2025;18,71;
22/10/2025;28,68;
23/10/2025;26,75;
24/10/2025;17,18;
25/10/2025;21,92;
26/10/2025;18,72;
27/10/2025;17,48;
28/10/2025;15,87;
29/10/2025;15,87;
30/10/2025;19,59;
31/10/2025;15,07;
01/11/2025;22,56;
02/11/2025;27,47;
03/11/2025;17,66;
04/11/2025;17,26;
05/11/2025;17,08;
06/11/2025;20,32;
07/11/2025;16,70;
08/11/2025;21,06;
09/11/2025;16,11;
10/11/2025;23,00;
11/11/2025;18,23;
12/11/2025;21,00;
13/11/2025;16,84;
14/11/2025;17,20;
15/11/2025;16,80;
16/11/2025;19,05;
17/11/2025;20,04;
18/11/2025;21,25;
19/11/2025;15,08;
20/11/2025;16,75;
21/11/2025;12,61;
22/11/2025;27,53;
23/11/2025;23,91;
24/11/2025;15,28;
25/11/2025;14,89;
26/11/2025;14,85;
27/11/2025;17,54;
28/11/2025;20,89;
29/11/2025;26,58;
30/11/2025;17,13;
01/12/2025;17,60;
02/12/2025;14,22;
03/12/2025;14,83;
04/12/2025;13,65;
05/12/2025;17,72;
06/12/2025;26,04;
07/12/2025;23,70;
08/12/2025;17,77;
09/12/2025;17,02;
10/12/2025;21,15;
11/12/2025;18,90;
12/12/2025;17,10;
13/12/2025;22,66;
14/12/2025;24,30;
15/12/2025;14,01;
16/12/2025;15,95;
17/12/2025;17,35;
18/12/2025;16,10;
19/12/2025;13,94;
20/12/2025;17,77;
21/12/2025;20,97;
22/12/2025;20,89;
23/12/2025;14,47;
24/12/2025;15,57;
25/12/2025;17,03;
26/12/2025;20,40;
27/12/2025;17,26;
28/12/2025;16,51;
29/12/2025;28,34;
30/12/2025;21,22;
31/12/2025;25,54;
01/01/2026;17,22;
02/01/2026;16,79;
03/01/2026;17,97;
04/01/2026;18,07;
05/01/2026;35,82;
06/01/2026;17,12;
07/01/2026;14,71;
08/01/2026;19,03;
09/01/2026;16,51;
10/01/2026;19,01;
11/01/2026;28,51;
12/01/2026;16,71;
13/01/2026;18,04;
14/01/2026;17,17;
15/01/2026;17,26;
16/01/2026;18,35;
17/01/2026;33,72;
18/01/2026;15,19;
19/01/2026;15,78;
20/01/2026;14,74;
21/01/2026;15,82;
22/01/2026;18,52;
23/01/2026;14,62;
24/01/2026;25,03;
25/01/2026;14,93;
26/01/2026;18,82;
27/01/2026;14,53;
28/01/2026;11,56;
29/01/2026;15,81;
30/01/2026;19,02;
31/01/2026;28,50;
01/02/2026;22,54;
02/02/2026;16,52;
03/02/2026;15,28;
04/02/2026;14,63;
05/02/2026;16,29;
06/02/2026;14,87;
07/02/2026;26,33;
08/02/2026;16,89;
09/02/2026;17,08;
10/02/2026;16,58;
11/02/2026;15,19;
12/02/2026;22,32;
13/02/2026;17,54;
14/02/2026;22,42;
15/02/2026;21,71;
16/02/2026;19,49;
17/02/2026;17,09;
18/02/2026;14,17;
19/02/2026;14,97;
20/02/2026;17,82;
21/02/2026;23,73;
22/02/2026;22,13;
23/02/2026;14,40;
24/02/2026;11,35;
25/02/2026;13,24;
26/02/2026;14,61;
27/02/2026;14,04;
28/02/2026;15,40;
01/03/2026;17,82;
02/03/2026;15,76;
03/03/2026;14,95;
04/03/2026;13,19;
05/03/2026;13,50;
06/03/2026;13,09;
07/03/2026;18,11;
08/03/2026;22,14;
09/03/2026;14,31;
10/03/2026;15,94;
11/03/2026;15,17;
12/03/2026;16,53;
13/03/2026;19,44;
14/03/2026;14,96;
15/03/2026;25,17;
16/03/2026;15,42;
17/03/2026;19,07;
18/03/2026;15,43;
19/03/2026;13,40;
20/03/2026;11,22;
21/03/2026;21,28;
22/03/2026;14,52;
23/03/2026;12,68;
24/03/2026;12,16;
25/03/2026;15,81;
26/03/2026;14,57;
27/03/2026;15,33;
28/03/2026;19,18;
29/03/2026;17,17;
30/03/2026;15,06;
31/03/2026;13,97;
01/04/2026;14,05;
02/04/2026;13,24;
03/04/2026;15,21;
04/04/2026;22,79;
05/04/2026;25,81;
06/04/2026;18,93;
07/04/2026;16,98;
08/04/2026;19,71;
09/04/2026;19,05;
10/04/2026;18,52;
11/04/2026;27,56;
12/04/2026;30,28;
13/04/2026;23,36;
14/04/2026;25,79;
15/04/2026;30,32;
16/04/2026;20,80;
17/04/2026;33,70;
18/04/2026;21,31;
19/04/2026;34,24;
20/04/2026;25,29;
